[
  {
    "timestamp": "2026-02-17 23:19:39",
    "original": "111.pdf",
    "neu": "Befreiung_von_Zuzahlungen_für_das_Jahr_2025_AOK_Bayern_-_Die_Gesundheitskasse_Vorname_Schlötter_Heinrich_Geburtsdatum_25.02.1944_KV-Nr._A927090912_20260217_231935.pdf",
    "status": "✅ Erfolgreich",
    "kategorie": "Befreiung von Zuzahlungen für das Jahr 2025",
    "absender": "AOK Bayern - Die Gesundheitskasse",
    "patient": "Vorname: Schlötter, Heinrich; Geburtsdatum: 25.02.1944; KV-Nr.: A927090912",
    "details": ""
  },
  {
    "timestamp": "2026-02-17 23:19:41",
    "original": "1111.pdf",
    "neu": "Rezeptanforderung_Danone_Deutschland_GmbH_Emrich_20260217_231940.pdf",
    "status": "✅ Erfolgreich",
    "kategorie": "Rezeptanforderung",
    "absender": "Danone Deutschland GmbH",
    "patient": "Emrich",
    "details": ""
  },
  {
    "timestamp": "2026-02-17 23:19:44",
    "original": "222.pdf",
    "neu": "Befund_Frau_Elfriede_Bauer_20260217_231942.pdf",
    "status": "✅ Erfolgreich",
    "kategorie": "Befund",
    "absender": "Unbekannt",
    "patient": "Frau Elfriede Bauer",
    "details": ""
  },
  {
    "timestamp": "2026-02-17 23:19:46",
    "original": "2222.pdf",
    "neu": "Rezeptanforderung_Danone_Deutschland_GmbH_Johann_Emrich_20260217_231945.pdf",
    "status": "✅ Erfolgreich",
    "kategorie": "Rezeptanforderung",
    "absender": "Danone Deutschland GmbH",
    "patient": "Johann Emrich",
    "details": ""
  },
  {
    "timestamp": "2026-02-17 23:19:49",
    "original": "23234234234.pdf",
    "neu": "Werbung_20260217_231947.pdf",
    "status": "✅ Erfolgreich",
    "kategorie": "Werbung",
    "absender": "OTTO Office GmbH & Co. KG",
    "patient": "",
    "details": ""
  },
  {
    "timestamp": "2026-02-17 23:19:52",
    "original": "333.pdf",
    "neu": "Befund_Dr._med._Andreas_Müller_Herrn_Thomas_Wagner_20260217_231950.pdf",
    "status": "✅ Erfolgreich",
    "kategorie": "Befund",
    "absender": "Dr. med. Andreas Müller",
    "patient": "Herrn Thomas Wagner",
    "details": ""
  },
  {
    "timestamp": "2026-02-17 23:19:54",
    "original": "33333.pdf",
    "neu": "Rezeptanforderung_Rappelt_Gunter_Zimmer_Sr._Marianne_20260217_231953.pdf",
    "status": "✅ Erfolgreich",
    "kategorie": "Rezeptanforderung",
    "absender": "Rappelt, Gunter",
    "patient": "Zimmer, Sr. Marianne",
    "details": ""
  },
  {
    "timestamp": "2026-02-17 23:19:57",
    "original": "444.pdf",
    "neu": "Befund_Prof._Dr._med._Harald_Weber_Renate_Schmidt_20260217_231955.pdf",
    "status": "✅ Erfolgreich",
    "kategorie": "Befund",
    "absender": "Prof. Dr. med. Harald Weber",
    "patient": "Renate Schmidt",
    "details": ""
  },
  {
    "timestamp": "2026-02-17 23:19:59",
    "original": "444343.pdf",
    "neu": "Sturzprotokoll_Seniorenresidenz_Abendsonne_Würzburg_Frau_Elfriede_Bauer_20260217_231958.pdf",
    "status": "✅ Erfolgreich",
    "kategorie": "Sturzprotokoll",
    "absender": "Seniorenresidenz Abendsonne Würzburg",
    "patient": "Frau Elfriede Bauer",
    "details": ""
  },
  {
    "timestamp": "2026-02-17 23:20:02",
    "original": "45454545.pdf",
    "neu": "Werbung_20260217_232000.pdf",
    "status": "✅ Erfolgreich",
    "kategorie": "Werbung",
    "absender": "Dr. Ausbüttel & Co. GmbH",
    "patient": "",
    "details": ""
  },
  {
    "timestamp": "2026-02-17 23:20:05",
    "original": "555.pdf",
    "neu": "Bestellung_Kfz-Meisterbetrieb_Bernd_Klöpfel_20260217_232003.pdf",
    "status": "✅ Erfolgreich",
    "kategorie": "Bestellung",
    "absender": "Kfz-Meisterbetrieb Bernd Klöpfel",
    "patient": "",
    "details": ""
  },
  {
    "timestamp": "2026-02-17 23:20:07",
    "original": "666.pdf",
    "neu": "Kommunikation_CuraMed_Praxisversorgung_20260217_232006.pdf",
    "status": "✅ Erfolgreich",
    "kategorie": "Kommunikation",
    "absender": "CuraMed Praxisversorgung",
    "patient": "",
    "details": ""
  },
  {
    "timestamp": "2026-02-17 23:20:10",
    "original": "777.pdf",
    "neu": "Labor_Ärztepraxis_20260217_232008.pdf",
    "status": "✅ Erfolgreich",
    "kategorie": "Labor",
    "absender": "Ärztepraxis",
    "patient": "",
    "details": ""
  },
  {
    "timestamp": "2026-02-17 23:20:12",
    "original": "888.pdf",
    "neu": "Medikationsplan_Hof-Apotheke_am_Markt_e.K._Renate_Schmidt_20260217_232011.pdf",
    "status": "✅ Erfolgreich",
    "kategorie": "Medikationsplan",
    "absender": "Hof-Apotheke am Markt e.K.",
    "patient": "Renate Schmidt",
    "details": ""
  },
  {
    "timestamp": "2026-02-17 23:20:14",
    "original": "999.pdf",
    "neu": "Rezeptanforderung_Blindeninstitut_Würzburg_20260217_232013.pdf",
    "status": "✅ Erfolgreich",
    "kategorie": "Rezeptanforderung",
    "absender": "Blindeninstitut Würzburg",
    "patient": "",
    "details": ""
  }
]